case_id,language,spoken_command,transcript,expected_intent,expected_product,expected_quantity,actual_intent,actual_product,actual_quantity,confidence,stt_similarity,intent_pass,product_pass,quantity_pass,end_to_end_pass
E01,English,Sold 3 biscuits,sold three biscuits,sale,Biscuits,3,sale,Biscuits,3,0.97,0.8235,True,True,True,True
E02,English,Sell 2 soap,cell to shop,sale,Soap,2,unknown,Soap,,0.2,0.6957,False,True,False,False
E03,English,Sold 5 rice,sold five rice,sale,Rice,5,sale,Rice,5,0.97,0.8,True,True,True,True
E04,English,Add 10 soap,at 10 Shop,add_stock,Soap,10,unknown,Soap,10,0.2,0.7619,False,True,True,False
E05,English,Add 4 biscuits,add four biscuits,add_stock,Biscuits,4,add_stock,Biscuits,4,0.97,0.8387,True,True,True,True
E06,English,Restock 6 rice,restock six rice,add_stock,Rice,6,query_stock,Rice,6,0.97,0.8667,False,True,True,False
E07,English,How many milk powder packets are left?,how many milk powder are left,query_stock,Milk Powder,,query_stock,Milk Powder,,0.97,0.8657,True,True,True,True
E08,English,How many biscuits are left?,how many biscuits are left,query_stock,Biscuits,,query_stock,Biscuits,,0.97,0.9811,True,True,True,True
E09,English,Stock of soap,stock of soap,query_stock,Soap,,query_stock,Soap,,0.97,1.0,True,True,True,True
E10,English,How much stock of rice is available?,how many stock of rice available,query_stock,Rice,,query_stock,Rice,,0.97,0.8529,True,True,True,True
T01,Tamil,மூன்று பிஸ்கட் விற்றேன்,மூன்று பிஸ்கட் வித்தேன்,sale,Biscuits,3,sale,Biscuits,3,0.97,0.913,True,True,True,True
T02,Tamil,இரண்டு சோப்பு விற்றேன்,ரெண்டு சோப்பு விட்டேன்,sale,Soap,2,sale,Soap,2,0.97,0.8636,True,True,True,True
T03,Tamil,ஐந்து அரிசி விற்றேன்,அஞ்சு அரிசி வித்தன்,sale,Rice,5,sale,Rice,5,0.97,0.7179,True,True,True,True
T04,Tamil,பத்து சோப்பு சேர்க்க,10 சோப்பு சேர்க்க,add_stock,Soap,10,add_stock,Soap,10,0.97,0.8108,True,True,True,True
T05,Tamil,நான்கு பிஸ்கட் சேர்க்க,நாலு பிஸ்கட் சேர்க்க,add_stock,Biscuits,4,add_stock,Biscuits,4,0.97,0.9048,True,True,True,True
T06,Tamil,ஆறு அரிசி சேர்க்க,ஆர் அரிசி சேர்க்க,add_stock,Rice,6,add_stock,Rice,6,0.97,0.8824,True,True,True,True
T07,Tamil,பால் மா எத்தனை உள்ளது,பால்மா எத்தனை இருக்கு,query_stock,Milk Powder,,query_stock,Milk Powder,,0.94,0.7619,True,True,True,True
T08,Tamil,பிஸ்கட் எத்தனை உள்ளது,பிஸ்கட் எத்தனை இருக்கு,query_stock,Biscuits,,query_stock,Biscuits,,0.97,0.7907,True,True,True,True
T09,Tamil,சோப்பு இருப்பு எவ்வளவு,சோப்பு இருப்பு எவ்வளவு,query_stock,Soap,,query_stock,Soap,,0.97,1.0,True,True,True,True
T10,Tamil,அரிசி எவ்வளவு மீதம்,அரசு எவ்வளவு வீதம்,query_stock,Rice,,query_stock,Rice,,0.85,0.8649,True,True,True,True
S01,Sinhala,බිස්කට් තුනක් ගියා,බිස්කට් තුනක් ගියා,sale,Biscuits,3,unknown,Biscuits,3,0.2,1.0,False,True,True,False
S02,Sinhala,සබන් දෙකක් ගියා,සබන් දෙකක් ගියා,sale,Soap,2,unknown,Soap,2,0.2,1.0,False,True,True,False
S03,Sinhala,හාල් පහක් විකුණුවා,හාල් පහක් විකුණුවා,sale,Rice,5,sale,Rice,5,0.97,1.0,True,True,True,True
S04,Sinhala,සබන් දහයක් දාන්න,සබන් දහයක් දාන්න,add_stock,Soap,10,unknown,Soap,10,0.2,1.0,False,True,True,False
S05,Sinhala,බිස්කට් හතරක් දාන්න,බිස්කට් හතරක් දාන්න,add_stock,Biscuits,4,unknown,Biscuits,4,0.2,1.0,False,True,True,False
S06,Sinhala,හාල් හයක් දාන්න,හාල් හයක් දාන්න,add_stock,Rice,6,unknown,Rice,6,0.2,1.0,False,True,True,False
S07,Sinhala,කිරිපිටි කොච්චර තියෙනවද?,කිරිපිටි කොච්චර තියෙනවද?,query_stock,Milk Powder,,query_stock,Milk Powder,,0.95,1.0,True,True,True,True
S08,Sinhala,බිස්කට් කීයක් තියෙනවද?,බිස්කට් කීයක් තියෙනවද?,query_stock,Biscuits,,unknown,Biscuits,,0.2,1.0,False,True,True,False
S09,Sinhala,සබන් ස්ටොක් එක කොච්චරද?,සබන් ස්ටොක් එක කොච්චරද?,query_stock,Soap,,query_stock,Soap,1,0.97,1.0,True,True,False,False
S10,Sinhala,හාල් කොච්චර ඉතුරුද?,හාල් කොච්චර ඉතුරුද?,query_stock,Rice,,query_stock,Rice,,0.97,1.0,True,True,True,True
